Date,Open,High,Low,Close,Volume,Returns,Regime_2,Prob_Regime0,Prob_Regime1
2017-09-24 23:59:59.999,3690.0,4123.2,3505.55,3660.02,5908.32335,-1.0802731899275386,0,0.52252570895131,0.4774742910486937
2017-10-01 23:59:59.999,3660.02,4406.52,3653.69,4378.48,5782.305424,19.62994737733672,1,3.692950951556962e-08,0.9999999630704941
2017-10-08 23:59:59.999,4400.0,4658.0,4110.0,4640.0,4708.272956,5.972849025232518,1,0.10794083910409383,0.8920591608959098
2017-10-15 23:59:59.999,4640.0,5922.3,4550.0,5709.99,7913.925837,23.060129310344823,1,2.7486603268481663e-11,0.999999999972517
2017-10-22 23:59:59.999,5710.0,6171.0,5037.95,5950.02,12157.769447,4.203685120289191,1,0.3607970044339422,0.6392029955660615
2017-10-29 23:59:59.999,5975.0,6189.88,5286.98,6169.98,13133.99457,3.696794296489747,1,0.3874075031921817,0.612592496807822
2017-11-05 23:59:59.999,6133.01,7590.25,6030.0,7345.01,11663.209648,19.04430808527744,1,6.162378802811837e-08,0.9999999383762155
2017-11-12 23:59:59.999,7345.1,7770.02,5325.01,5811.03,18916.3199,-20.884655024295405,1,3.156110108932018e-10,0.9999999996843926
2017-11-19 23:59:59.999,5839.94,8123.15,5699.99,8038.0,19791.101011,38.323154414966034,1,2.957278563935645e-31,1.0000000000000038
2017-11-26 23:59:59.999,8057.11,9350.0,7801.0,9128.02,28921.859792,13.56083602886291,1,0.0001138045042898852,0.9998861954957138
2017-12-03 23:59:59.999,9128.0,11825.0,8520.0,11165.41,48427.94965,22.32017458331599,1,3.766377390077018e-11,0.9999999999623399
2017-12-10 23:59:59.999,11165.41,17204.99,10802.0,14899.98,72469.977627,33.44767455919666,1,5.339349523145651e-24,1.0000000000000038
2017-12-17 23:59:59.999,14946.26,19798.68,14666.56,18860.02,67851.486215,26.57748533890649,1,1.862661309454407e-15,1.000000000000002
2017-12-24 23:59:59.999,18860.04,19300.0,10961.0,13500.0,135385.440322,-28.42001227994456,1,1.1917047699705124e-17,1.0000000000000038
2017-12-31 23:59:59.999,13500.0,16498.05,11750.0,13716.36,116522.754321,1.6026666666666634,1,0.35247879757324685,0.6475212024267569
2018-01-07 23:59:59.999,13715.65,17176.24,12750.0,16150.03,120239.399359,17.742826814111034,1,5.654756187829934e-07,0.9999994345243851
2018-01-14 23:59:59.999,16218.85,16322.3,11400.0,13474.99,137537.904565,-16.56368440182464,1,8.153777159836534e-07,0.999999184622288
2018-01-21 23:59:59.999,13477.98,14249.99,9035.0,11530.0,303127.502137,-14.43407379152044,1,4.4510345937263216e-05,0.9999554896540667
2018-01-28 23:59:59.999,11530.0,12244.0,9900.24,11879.95,198030.051117,3.0351257588898672,1,0.2892801720833764,0.7107198279166275
2018-02-04 23:59:59.999,11879.95,11975.02,7930.0,8184.81,202016.407759,-31.10400296297543,1,1.1372442551644257e-20,1.000000000000004
2018-02-11 23:59:59.999,8179.99,9065.78,6000.01,8063.88,340794.292131,-1.477493063369828,1,0.34289557896105766,0.6571044210389464
2018-02-18 23:59:59.999,8063.82,11274.0,8053.0,10383.43,311863.068137,28.76468895866506,1,1.5814960804378408e-17,1.000000000000004
2018-02-25 23:59:59.999,10375.01,11786.01,9274.8,9590.0,350623.132911,-7.641309278340591,1,0.030134550062753947,0.96986544993725
2018-03-04 23:59:59.999,9590.0,11565.0,9350.0,11515.0,183970.997614,20.07299270072993,1,3.9317622003850074e-09,0.9999999960682417
2018-03-11 23:59:59.999,11515.0,11710.0,8329.0,9533.57,282035.225382,-17.207381676074686,1,2.8344374741466576e-07,0.9999997165562567
2018-03-18 23:59:59.999,9533.57,9888.88,7322.0,8189.99,315835.151606,-14.093146638667363,1,6.846134744987777e-05,0.9999315386525541
2018-03-25 23:59:59.999,8189.0,9177.01,8088.4,8470.15,285211.539511,3.4207611975106245,1,0.26682471188227963,0.7331752881177245
2018-04-01 23:59:59.999,8470.14,8514.89,6430.0,6813.01,308729.492031,-19.564470522954135,1,1.9535488814373295e-08,0.9999999804645152
2018-04-08 23:59:59.999,6813.01,7520.0,6500.0,7018.0,232320.070499,3.008802276820366,1,0.2907293078974742,0.7092706921025297
2018-04-15 23:59:59.999,7011.04,8429.54,6611.0,8355.0,259877.022414,19.051011684240528,1,9.720402424230982e-08,0.9999999027959797
2018-04-22 23:59:59.999,8355.07,9035.0,7825.4,8787.02,233025.38619,5.170795930580496,1,0.21407685662100587,0.7859231433789982
2018-04-29 23:59:59.999,8785.7,9759.82,8651.62,9419.0,306668.07214,7.192199403210631,1,0.1800125902171181,0.8199874097828859
2018-05-06 23:59:59.999,9417.04,10020.0,8800.49,9659.01,222274.38854,2.5481473617156913,1,0.3918000797651561,0.608199920234848
2018-05-13 23:59:59.999,9661.02,9689.67,8153.0,8679.71,224151.298751,-10.138720220809393,1,0.021104954830097118,0.9788950451699069
2018-05-20 23:59:59.999,8679.71,8879.99,7911.9,8526.98,182713.826012,-1.7596210011624813,1,0.34007061909118735,0.6599293809088168
2018-05-27 23:59:59.999,8526.97,8595.31,7231.11,7338.99,190894.600939,-13.932130719199531,1,0.0001617010593638357,0.9998382989406405
2018-06-03 23:59:59.999,7338.99,7786.69,7032.95,7714.26,211929.270766,5.113373911124008,1,0.15871169328518442,0.8412883067148198
2018-06-10 23:59:59.999,7714.26,7765.0,6622.81,6764.99,211352.737478,-12.305392869828092,1,0.0012153236418089288,0.9987846763581953
2018-06-17 23:59:59.999,6765.0,6922.0,6118.68,6449.61,234080.841171,-4.661943328814977,1,0.304962731233917,0.6950372687660873
2018-06-24 23:59:59.999,6444.06,6841.74,5750.0,6136.97,234147.621015,-4.8474248830549405,1,0.4284516030983391,0.571548396901665
2018-07-01 23:59:59.999,6137.95,6528.99,5780.0,6356.81,207746.559006,3.582223800996265,0,0.5400596528608349,0.45994034713916915
2018-07-08 23:59:59.999,6360.82,6818.16,6271.62,6712.1,211526.019058,5.589124104700316,1,0.3716155507794657,0.6283844492205384
2018-07-15 23:59:59.999,6712.1,6802.06,6070.0,6353.01,192452.84988,-5.349890496267939,1,0.22792752581324677,0.7720724741867573
2018-07-22 23:59:59.999,6354.15,7700.0,6330.4,7394.79,294313.222604,16.398211241600436,1,3.9811292535133215e-06,0.9999960188707505
2018-07-29 23:59:59.999,7394.78,8491.77,7375.0,8211.0,288666.047141,11.037635957207703,1,0.00212959880043389,0.99787040119957
2018-08-05 23:59:59.999,8210.99,8273.0,6882.29,7024.19,282090.103584,-14.453903300450621,1,2.0686212724386894e-05,0.9999793137872796
2018-08-12 23:59:59.999,7024.19,7160.0,5971.0,6308.33,334426.550743,-10.191353024334472,1,0.009965793048365089,0.9900342069516388
2018-08-19 23:59:59.999,6308.56,6620.0,5880.0,6477.53,378189.296487,2.682167863761098,1,0.4924721874760801,0.5075278125239238
2018-08-26 23:59:59.999,6477.53,6882.54,6220.0,6700.0,286906.539311,3.4344881459445142,1,0.4678116195298888,0.5321883804701151
2018-09-02 23:59:59.999,6700.0,7345.45,6646.5,7302.01,294674.913005,8.985223880597015,1,0.04072227576258236,0.9592777242374214
2018-09-09 23:59:59.999,7302.0,7410.0,6111.0,6250.81,306231.623424,-14.396036159906656,1,7.704838048126144e-05,0.9999229516195227
2018-09-16 23:59:59.999,6252.26,6584.99,6169.68,6505.0,227428.182854,4.066512979917802,0,0.5038207212887855,0.4961792787112183
2018-09-23 23:59:59.999,6500.08,6839.03,6123.0,6708.0,244256.490121,3.1206764027670975,0,0.7419491605037745,0.2580508394962294
2018-09-30 23:59:59.999,6706.81,6814.8,6325.02,6626.57,242598.872471,-1.2139236732260028,0,0.8448694994232812,0.15513050057672279
2018-10-07 23:59:59.999,6626.57,6697.0,6430.0,6615.26,141836.476483,-0.17067653401381389,0,0.8527223678379854,0.14727763216201856
2018-10-14 23:59:59.999,6615.26,6715.6,6205.0,6339.34,166310.813544,-4.170962290219881,0,0.7422868309133821,0.25771316908662184
2018-10-21 23:59:59.999,6339.34,7680.0,6300.0,6590.11,211592.623139,3.9557745759022156,0,0.7679849281770853,0.2320150718229187
2018-10-28 23:59:59.999,6590.12,6639.0,6453.0,6489.93,75328.885385,-1.5201567196905574,0,0.8427453804332579,0.15725461956674625
2018-11-04 23:59:59.999,6489.93,6525.0,6245.02,6485.85,71945.400607,-0.06286662568009138,0,0.8407016906091637,0.15929830939084044
2018-11-11 23:59:59.999,6485.85,6615.15,6355.0,6449.81,76161.78188,-0.5556711919023738,0,0.6888521652872939,0.31114783471271024
2018-11-18 23:59:59.999,6450.71,6498.0,5403.42,5662.0,205081.183938,-12.21446833317571,1,0.001393953493279589,0.9986060465067244
2018-11-25 23:59:59.999,5661.94,5664.0,3652.66,4085.78,496323.79998,-27.838572942423166,1,5.756198837611232e-17,1.000000000000004
2018-12-02 23:59:59.999,4088.69,4450.38,3689.12,4161.01,479459.914101,1.8412640915565603,1,0.34459878934719596,0.6554012106528081
2018-12-09 23:59:59.999,4160.55,4179.0,3222.0,3545.37,406435.817854,-14.795446297894033,1,3.068903314142315e-05,0.9999693109668626
2018-12-16 23:59:59.999,3548.49,3610.0,3156.26,3228.67,249791.790787,-8.932777114941459,1,0.010720016532670858,0.9892799834673331
2018-12-23 23:59:59.999,3229.22,4139.99,3216.0,3929.71,489096.741158,21.71296540061387,1,3.5322794996979224e-10,0.999999999646776
2018-12-30 23:59:59.999,3929.71,4198.0,3535.0,3801.91,332161.255442,-3.252148377361186,1,0.36639396291342796,0.6336060370865758
2019-01-06 23:59:59.999,3803.12,4027.71,3630.33,3987.6,214860.906242,4.884124032394244,1,0.29975590348898273,0.700244096511021
2019-01-13 23:59:59.999,3987.62,4069.8,3441.3,3476.81,245887.277948,-12.809459323904104,1,0.0014588975076403605,0.9985411024923634
2019-01-20 23:59:59.999,3477.56,3720.0,3467.02,3539.28,199395.792965,1.7967619743385566,0,0.658069086938899,0.3419309130611046
2019-01-27 23:59:59.999,3539.26,3662.94,3434.85,3550.84,154566.450861,0.32662010352388915,0,0.8089390180947942,0.1910609819052093
2019-02-03 23:59:59.999,3550.05,3557.75,3349.92,3458.11,186574.105423,-2.6114947449054293,0,0.7472639103839982,0.25273608961600535
2019-02-10 23:59:59.999,3458.11,3733.58,3373.1,3680.06,198350.673988,6.418245804789313,0,0.5518376861943269,0.4481623138056766
2019-02-17 23:59:59.999,3679.75,3700.11,3568.11,3667.58,167995.805139,-0.33912490557219677,0,0.813985610703917,0.18601438929608669
2019-02-24 23:59:59.999,3667.62,4198.0,3655.0,3743.56,301384.22226,2.0716657850680775,0,0.8588569448891972,0.14114305511080644
2019-03-03 23:59:59.999,3743.56,3888.0,3677.17,3807.75,190343.246726,1.7146780070307344,0,0.8710527227091411,0.12894727729086244
2019-03-10 23:59:59.999,3807.32,3971.75,3670.69,3916.82,207833.42997,2.8644212461427454,0,0.8534854711605153,0.14651452883948837
2019-03-17 23:59:59.999,3915.99,4056.98,3810.43,3981.14,185620.344813,1.6421484775914985,0,0.866114076484613,0.13388592351539086
2019-03-24 23:59:59.999,3981.85,4069.32,3880.01,3992.18,156283.263483,0.2773075048855267,0,0.8335344320412525,0.16646556795875123
2019-03-31 23:59:59.999,3991.35,4140.0,3888.71,4103.95,178114.875049,2.799723459363057,0,0.6253574204785866,0.3746425795214171
2019-04-07 23:59:59.999,4102.44,5275.01,4067.0,5170.27,420989.968738,25.98277269459912,1,1.0974839882506956e-13,0.9999999999998939
2019-04-14 23:59:59.999,5170.27,5422.0,4861.22,5131.3,247866.407405,-0.7537323969541321,0,0.6519818671161898,0.3480181328838142
2019-04-21 23:59:59.999,5131.28,5333.42,4950.0,5256.14,168555.911745,2.4329117377662524,0,0.7534132734521131,0.24658672654789093
2019-04-28 23:59:59.999,5257.41,5600.0,5102.0,5307.52,247392.823904,0.9775234297412227,0,0.66822353529178,0.331776464708224
2019-05-05 23:59:59.999,5309.81,5900.0,5178.8,5775.62,191971.589975,8.819561678524046,1,0.05906144288509075,0.9409385571149131
2019-05-12 23:59:59.999,5773.18,7521.78,5619.14,6967.31,313283.869612,20.633109518978053,1,1.4715728097754155e-09,0.9999999985284311
2019-05-19 23:59:59.999,6968.24,8366.0,6870.0,8148.48,461287.694139,16.953027782601882,1,1.7436712772423095e-06,0.999998256328727
2019-05-26 23:59:59.999,8147.94,8740.0,7461.0,8614.43,341677.39881,5.718244384228721,1,0.25742369529157066,0.7425763047084336
2019-06-02 23:59:59.999,8612.54,9074.26,8005.0,8725.98,292049.043812,1.29492026750464,1,0.45969892898233566,0.5403010710176684
2019-06-09 23:59:59.999,8726.0,8800.95,7444.58,7628.13,293308.709696,-12.58139486911498,1,0.0006742669685431166,0.9993257330314608
2019-06-16 23:59:59.999,7627.57,9333.0,7511.0,8953.33,274072.058371,17.372540845528327,1,4.273032036941922e-07,0.9999995726968004
2019-06-23 23:59:59.999,8953.0,11392.64,8950.0,10906.07,378253.003065,21.810209162401016,1,3.3461489269378683e-10,0.9999999996653891
2019-06-30 23:59:59.999,10905.95,13970.0,10525.1,10854.1,684152.508772,-0.47652362400020243,1,0.4940662094791092,0.5059337905208947
2019-07-07 23:59:59.999,10854.1,12000.0,9727.0,11406.24,517740.071693,5.086925677854448,1,0.32801165557884027,0.6719883444211637
2019-07-14 23:59:59.999,11410.0,13147.08,10103.0,10174.18,510462.035678,-10.801631387731625,1,0.008042508952191984,0.991957491047812
2019-07-21 23:59:59.999,10174.18,11100.0,9060.0,10589.45,487080.97263,4.081606576647956,1,0.23133744505158976,0.7686625549484143
2019-07-28 23:59:59.999,10590.15,10683.16,9165.0,9541.54,269819.325109,-9.895792510470326,1,0.008582201810384514,0.9914177981896197
2019-08-04 23:59:59.999,9541.54,11040.0,9395.0,10929.23,259518.806019,14.543669051327136,1,4.8639613138570934e-05,0.9999513603868658
2019-08-11 23:59:59.999,10929.99,12330.7,10927.8,11549.97,371072.857661,5.679631593442536,1,0.12683848724219723,0.8731615127578072
2019-08-18 23:59:59.999,11539.08,11577.89,9750.0,10306.78,248273.374665,-10.763577740894558,1,0.008965940906707387,0.991034059093297
2019-08-25 23:59:59.999,10306.17,10949.96,9762.0,10142.69,232472.053331,-1.5920588195343255,0,0.5414230511574286,0.45857694884257577
2019-09-01 23:59:59.999,10142.69,10604.0,9320.0,9724.98,211243.550288,-4.118335471161993,0,0.5190380114510726,0.48096198854893163
2019-09-08 23:59:59.999,9723.59,10905.87,9712.5,10381.18,281075.664908,6.747571717371148,1,0.3904353152871554,0.6095646847128489
2019-09-15 23:59:59.999,10381.24,10480.0,9880.0,10302.01,207165.654458,-0.762630067102199,0,0.6769457205979716,0.3230542794020328
2019-09-22 23:59:59.999,10303.34,10355.0,9653.0,10028.87,188644.199623,-2.651327265261827,0,0.5499264580570302,0.4500735419429742
2019-09-29 23:59:59.999,10028.05,10049.99,7750.0,8043.82,364560.064744,-19.793356579554832,1,2.7101496636215686e-08,0.9999999728985076
2019-10-06 23:59:59.999,8043.04,8500.0,7710.0,7854.25,239136.795399,-2.3567160876300064,1,0.492713598496779,0.5072864015032255
2019-10-13 23:59:59.999,7855.3,8779.51,7762.0,8275.01,281416.738734,5.3570996594200615,1,0.48721409949641925,0.5127859005035852
2019-10-20 23:59:59.999,8275.24,8403.0,7816.01,8223.35,219241.792311,-0.6242892757833518,0,0.552543393995351,0.4474566060046536
2019-10-27 23:59:59.999,8223.35,10370.0,7300.0,9529.93,508882.693756,15.888658515082055,1,4.185075985060249e-05,0.9999581492401538
2019-11-03 23:59:59.999,9528.23,9902.1,8913.0,9194.71,354362.744327,-3.5175494468480006,1,0.45239281361609607,0.5476071863839085
2019-11-10 23:59:59.999,9196.46,9513.68,8696.0,9039.47,294282.771612,-1.688362112562547,0,0.5759698269397626,0.4240301730602419
2019-11-17 23:59:59.999,9040.16,9072.32,8350.68,8502.4,239532.02348,-5.94138815660652,1,0.22982172380210236,0.7701782761979021
2019-11-24 23:59:59.999,8502.87,8503.52,6790.0,6903.28,422402.004703,-18.807866014301844,1,5.689000621423018e-08,0.9999999431099983
2019-12-01 23:59:59.999,6900.23,7850.0,6515.0,7390.89,503259.064291,7.063453894380656,1,0.1669213003615017,0.8330786996385029
2019-12-08 23:59:59.999,7391.5,7750.0,7067.0,7510.11,331484.783716,1.6130668972207607,0,0.5867296003235472,0.41327039967645735
2019-12-15 23:59:59.999,7510.11,7650.0,7008.35,7118.59,252294.980408,-5.2132392201978295,1,0.4913817515330333,0.5086182484669712
2019-12-22 23:59:59.999,7119.6,7518.54,6435.0,7501.44,339611.461697,5.378171800876297,0,0.545532346712424,0.45446765328758043
2019-12-29 23:59:59.999,7500.71,7695.38,7076.42,7388.24,267312.086935,-1.5090435969627114,0,0.7342578635883599,0.26574213641164474
2020-01-05 23:59:59.999,7388.43,7495.0,6871.04,7358.75,241051.798444,-0.39914783493768535,0,0.6526167587928529,0.34738324120715175
2020-01-12 23:59:59.999,7357.64,8455.0,7346.76,8184.98,498017.846898,11.227857992186173,1,0.011800836890814629,0.9881991631091899
2020-01-19 23:59:59.999,8184.97,9198.98,8055.89,8701.7,468235.627496,6.313027032442364,1,0.20986832928257573,0.7901316707174286
2020-01-26 23:59:59.999,8701.72,8818.0,8238.0,8615.0,250977.001765,-0.9963570336830818,1,0.46467803522530354,0.535321964774701
2020-02-02 23:59:59.999,8614.39,9578.0,8535.0,9331.51,362870.208388,8.31700522344747,1,0.07970348337953642,0.920296516620468
2020-02-09 23:59:59.999,9331.59,10166.0,9093.01,10151.75,364995.864834,8.79000290413876,1,0.06599725234820733,0.9340027476517971
2020-02-16 23:59:59.999,10151.72,10500.0,9638.12,9917.27,427067.585189,-2.309749550570095,0,0.5507574367890307,0.4492425632109739
2020-02-23 23:59:59.999,9910.7,10250.0,9350.0,9936.4,360700.467719,0.19289582717822995,0,0.5836998411528931,0.41630015884711125
2020-03-01 23:59:59.999,9936.4,9990.0,8411.0,8531.88,426585.458707,-14.13509923110986,1,0.0001455256728122897,0.9998544743271919
2020-03-08 23:59:59.999,8530.3,9188.0,8000.0,8033.31,379197.13168,-5.843612427741585,1,0.09352689298558242,0.906473107014422
2020-03-15 23:59:59.999,8034.76,8179.31,3782.13,5361.3,1224228.28324,-33.26163188025858,1,4.3945930492096055e-24,1.0000000000000044
2020-03-22 23:59:59.999,5360.33,6900.0,4442.12,5816.19,1180843.345815,8.484695876000202,1,0.052859358566650506,0.9471406414333541
2020-03-29 23:59:59.999,5816.05,6957.96,5688.0,5881.42,770380.80536,1.12152457192769,1,0.3850184766698567,0.6149815233301479
2020-04-05 23:59:59.999,5880.5,7198.0,5857.76,6772.78,664784.299583,15.155523666053439,1,0.00010948320647315432,0.9998905167935315
2020-04-12 23:59:59.999,6772.78,7459.69,6739.98,6903.79,582804.771087,1.9343607794731321,0,0.540984044432296,0.45901595556770886
2020-04-19 23:59:59.999,6903.79,7293.08,6468.27,7120.74,501345.258903,3.1424768134604264,0,0.5177671298233365,0.48223287017666827
2020-04-26 23:59:59.999,7121.4,7738.0,6751.0,7693.1,469098.312947,8.03792864224786,1,0.0866735955366236,0.9133264044633812
2020-05-03 23:59:59.999,7693.1,9460.0,7606.0,8894.16,742165.162104,15.612171946289521,1,2.1400111886341177e-05,0.9999785998881185
2020-05-10 23:59:59.999,8894.15,10067.0,8117.0,8722.77,780478.849466,-1.926994792088288,1,0.326698860652594,0.6733011393474108
2020-05-17 23:59:59.999,8722.77,9939.0,8200.0,9680.04,721487.837087,10.974380844617016,1,0.0054381724880755815,0.9945618275119292
2020-05-24 23:59:59.999,9681.11,9950.0,8700.0,8720.34,517248.177536,-9.914215230515588,1,0.0058057504889372225,0.9941942495110677
2020-05-31 23:59:59.999,8718.14,9740.0,8642.72,9448.27,425528.246167,8.347495625170588,1,0.07542414621281086,0.9245758537871941
2020-06-07 23:59:59.999,9448.27,10380.0,9266.0,9746.99,427822.495347,3.1616369980959513,0,0.5634521107670165,0.43654788923298854
2020-06-14 23:59:59.999,9746.99,9992.72,9113.0,9342.1,336172.771517,-4.154000363189036,0,0.6736380059836079,0.32636199401639704
2020-06-21 23:59:59.999,9342.1,9589.0,8910.45,9294.69,323565.711842,-0.5074876098521752,0,0.8395429709867379,0.16045702901326708
2020-06-28 23:59:59.999,9294.69,9780.0,8833.0,9116.35,343601.083154,-1.918729941504238,0,0.8600369423839487,0.13996305761605626
2020-07-05 23:59:59.999,9116.16,9292.0,8893.03,9069.41,247256.195125,-0.5148990549945998,0,0.8717547364433034,0.12824526355670152
2020-07-12 23:59:59.999,9069.41,9470.0,9055.92,9302.75,284964.999673,2.5728244725952365,0,0.8194674009326949,0.18053259906731
2020-07-19 23:59:59.999,9303.31,9343.82,9047.25,9208.99,247602.692095,-1.0078740157480337,0,0.6985701661348311,0.30142983386517375
2020-07-26 23:59:59.999,9208.99,10111.0,9131.0,9931.54,346433.535115,7.846137307131418,1,0.12160140931321833,0.8783985906867864
2020-08-02 23:59:59.999,9931.54,12123.46,9917.21,11071.35,637793.811724,11.47666927787634,1,0.004941557308672891,0.9950584426913321
2020-08-09 23:59:59.999,11071.36,11909.94,10936.0,11681.68,403167.45146,5.512697186883253,1,0.35835356631030024,0.6416464336897046
2020-08-16 23:59:59.999,11681.69,12067.35,11125.0,11911.0,468167.72232,1.9630738044527751,0,0.7210071701923608,0.2789928298076439
2020-08-23 23:59:59.999,11910.99,12468.0,11376.81,11648.13,426710.483502,-2.2069515573839404,0,0.7662282040340506,0.23377179596595404
2020-08-30 23:59:59.999,11648.12,11824.9,11117.64,11711.16,355153.169372,0.5411169003093352,0,0.6653455505215279,0.33465444947847667
2020-09-06 23:59:59.999,11711.17,12050.85,9825.0,10256.2,581777.756525,-12.423705252084327,1,0.003603414136510905,0.9963965858634936
2020-09-13 23:59:59.999,10255.89,10580.11,9850.0,10332.83,366759.994048,0.7471578167352444,0,0.5855390577476256,0.4144609422523786
2020-09-20 23:59:59.999,10332.84,11179.79,10212.34,10920.28,374339.558814,5.685276928005201,0,0.5609757234319647,0.4390242765680396
2020-09-27 23:59:59.999,10920.28,10988.86,10136.82,10774.25,331299.291081,-1.3372367741486535,0,0.7719516728828001,0.22804832711720424
2020-10-04 23:59:59.999,10774.26,10950.0,10374.0,10666.63,288073.126989,-0.9988630299092804,0,0.7539570363290672,0.24604296367093703
2020-10-11 23:59:59.999,10666.62,11491.0,10525.0,11369.02,288404.145494,6.584928885693064,1,0.43652309767359165,0.5634769023264126
2020-10-18 23:59:59.999,11369.02,11720.01,11172.0,11503.14,279657.097047,1.1796971066987183,0,0.5307270399515056,0.4692729600484986
2020-10-25 23:59:59.999,11503.14,13350.0,11407.96,13028.83,418993.354681,13.263248121817185,1,0.0008111750446060171,0.9991888249553977
2020-11-01 23:59:59.999,13029.64,14100.0,12765.0,13761.5,485358.521716,5.623451990700623,1,0.12807916642905354,0.8719208335709504
2020-11-08 23:59:59.999,13761.49,15960.0,13195.05,15475.1,665037.146452,12.452130945027795,1,0.00148027999667831,0.9985197200033257
2020-11-15 23:59:59.999,15475.1,16480.0,14805.54,15957.0,529729.426496,3.1140348042985266,1,0.2854087876441274,0.7145912123558766
2020-11-22 23:59:59.999,15957.0,18965.9,15864.0,18414.43,684197.642829,15.400325875791188,1,6.0272777311548266e-05,0.9999397272226924
2020-11-29 23:59:59.999,18413.88,19484.21,16188.0,18184.99,676351.579974,-1.245979375956785,1,0.4885363966699691,0.5114636033300348
2020-12-06 23:59:59.999,18185.0,19888.0,18001.12,19359.4,537012.142931,6.458128379504191,1,0.358158674978734,0.64184132502127
2020-12-13 23:59:59.999,19358.67,19420.91,17572.33,19174.99,414166.997237,-0.9525605132390425,1,0.4964633283726988,0.5035366716273051
2020-12-20 23:59:59.999,19174.99,24295.0,19000.0,23455.52,650661.7243,22.32350577497042,1,1.1458250967321074e-10,0.9999999998854211
2020-12-27 23:59:59.999,23455.54,28422.0,21815.0,26281.66,688906.560557,12.048933470671287,1,0.0007088545133569493,0.9992911454866468
2021-01-03 23:59:59.999,26281.54,34778.11,25880.0,33000.05,625132.263203,25.563035211626683,1,2.3227034474388832e-14,0.9999999999999806
2021-01-10 23:59:59.999,33000.05,41950.0,28130.0,38150.02,850700.266152,15.605946051596863,1,9.132160570382935e-06,0.9999908678394334
2021-01-17 23:59:59.999,38150.02,40100.0,30420.0,35828.61,897339.67445,-6.084950938426759,1,0.08501142253018909,0.9149885774698147
2021-01-24 23:59:59.999,35824.99,37850.0,28850.0,32259.9,640226.935785,-9.960503631036755,1,0.012695342921248555,0.9873046570787549
2021-01-31 23:59:59.999,32259.45,38531.9,29241.72,33092.98,747463.508509,2.5824010613796133,1,0.31800486982737847,0.6819951301726251
2021-02-07 23:59:59.999,33092.97,40955.51,32296.16,38795.69,583442.331544,17.232385841347607,1,1.2429151567286458e-06,0.999998757084847
2021-02-14 23:59:59.999,38795.69,49707.43,37988.89,48577.79,664186.270909,25.214398815950933,1,5.382272062109068e-14,0.99999999999995
2021-02-21 23:59:59.999,48580.47,58352.8,45570.79,57408.57,533487.799699,18.178636780306377,1,1.0931770862129917e-07,0.9999998906822951
2021-02-28 23:59:59.999,57412.35,57508.47,43000.0,45135.66,737125.746365,-21.37818447663824,1,1.1489963993325724e-10,0.9999999998851039
2021-03-07 23:59:59.999,45134.11,52640.0,44950.53,50971.75,490819.562968,12.930108920529793,1,0.0002507482655544776,0.999749251734449
2021-03-14 23:59:59.999,50959.11,61844.0,49274.67,58968.31,514559.698685,15.688219454894137,1,1.9603714677057323e-05,0.9999803962853263
2021-03-21 23:59:59.999,58976.08,60633.43,53271.34,57351.56,463194.21418,-2.741726869906902,0,0.5494743582531846,0.45052564174681875
2021-03-28 23:59:59.999,57351.56,58430.73,50427.56,55777.63,446278.628413,-2.7443542948090704,0,0.6897666907268933,0.31023330927311
2021-04-04 23:59:59.999,55777.65,60200.0,54800.01,58202.01,367477.893273,4.346509523620856,0,0.6472169680738828,0.3527830319261206
2021-04-11 23:59:59.999,58202.01,61500.0,55473.0,60002.43,375865.593614,3.093398320779639,0,0.588880052939824,0.4111199470601794
2021-04-18 23:59:59.999,59998.8,64854.0,50931.3,56150.01,549048.298032,-6.420439972181125,1,0.18802030752714824,0.8119796924728553
2021-04-25 23:59:59.999,56150.01,57526.81,46930.0,49066.77,568462.85096,-12.614850825494074,1,0.0003965023566623213,0.9996034976433411
2021-05-02 23:59:59.999,49066.76,58458.07,48753.44,56578.21,395983.456013,15.308609064749934,1,2.321872273734526e-05,0.9999767812772661
2021-05-09 23:59:59.999,56578.21,59500.0,52900.0,58240.84,504478.926303,2.9386401584638344,1,0.294600368755086,0.7053996312449177
2021-05-16 23:59:59.999,58240.83,59500.0,43825.39,46431.5,684880.148197,-20.27673364601197,1,2.3587639891005313e-09,0.9999999976412396
2021-05-23 23:59:59.999,46426.83,46686.0,30000.0,34655.25,1386781.052144,-25.362630972507883,1,4.4101541890650243e-14,0.9999999999999595
2021-05-30 23:59:59.999,34681.44,40841.0,33379.0,35641.27,786531.163941,2.845225470888235,0,0.5277718295555694,0.47222817044443427
2021-06-06 23:59:59.999,35641.26,39476.0,34153.84,35796.31,528299.504937,0.4350013341275494,0,0.5882315500132765,0.4117684499867271
2021-06-13 23:59:59.999,35796.31,39380.0,31000.0,39020.57,700065.604915,9.007241249167874,1,0.05393730717865708,0.9460626928213466
2021-06-20 23:59:59.999,39020.56,41330.0,33336.0,35600.16,610333.962089,-8.765658728204118,1,0.04824255436031466,0.951757445639689
2021-06-27 23:59:59.999,35600.17,35750.0,28805.0,34700.34,907073.707598,-2.527572909784692,0,0.5918685928259473,0.4081314071740566
2021-07-04 23:59:59.999,34702.49,36600.0,32699.0,35286.51,464791.763593,1.6892341688871326,0,0.7341970066021478,0.265802993397856
2021-07-11 23:59:59.999,35288.13,35293.78,32077.0,34258.99,359766.235404,-2.911934334112398,0,0.5891378717706819,0.4108621282293219
2021-07-18 23:59:59.999,34259.0,34678.43,31020.0,31778.56,306160.987079,-7.240230958355742,1,0.12115447384182815,0.8788455261581753
2021-07-25 23:59:59.999,31778.57,35398.0,29278.0,35381.02,383262.217154,11.336133544125326,1,0.002332937771732709,0.9976670622282711
2021-08-01 23:59:59.999,35381.02,42599.0,35205.78,39845.44,568598.509606,12.618121241275704,1,0.0003837125854116442,0.9996162874145921
2021-08-08 23:59:59.999,39850.27,45310.0,37332.7,43794.37,463107.670711,9.910619634266805,1,0.009716833912574756,0.9902831660874288
2021-08-15 23:59:59.999,43794.36,48144.0,42779.0,46973.82,372867.979811,7.259951450380497,1,0.1261489372765263,0.8738510627234773
2021-08-22 23:59:59.999,46973.82,49757.04,43927.7,49239.22,357634.462155,4.822686338901128,1,0.42619179026769805,0.5738082097323056
2021-08-29 23:59:59.999,49239.22,50500.0,46250.0,48767.83,298905.697042,-0.9573466029721867,0,0.5964266283301773,0.4035733716698263
2021-09-05 23:59:59.999,48767.84,51900.0,46512.0,51756.88,327484.443638,6.129142920650765,1,0.2590013587994557,0.7409986412005478
2021-09-12 23:59:59.999,51756.88,52920.0,42843.05,46025.24,399602.39982,-11.074160575366987,1,0.006348508984665904,0.9936514910153377
2021-09-19 23:59:59.999,46025.23,48843.2,43370.0,47241.75,289430.44387,2.6431366789179123,1,0.32457825915065025,0.6754217408493535
2021-09-26 23:59:59.999,47241.75,47347.25,39600.0,43160.9,437174.23273,-8.638227838723155,1,0.031196942020247295,0.9688030579797563
2021-10-03 23:59:59.999,43160.9,49228.08,40753.88,48200.01,290620.78115,11.675173594619203,1,0.0012159064715270874,0.9987840935284765
2021-10-10 23:59:59.999,48200.01,56561.31,46891.0,54659.0,424292.258599,13.400391410707169,1,0.00014118517752229268,0.9998588148224812
2021-10-17 23:59:59.999,54659.01,62933.0,53879.0,61528.33,362346.263174,12.567610091659208,1,0.001455409231499273,0.9985445907685044
2021-10-24 23:59:59.999,61528.32,67000.0,59510.63,60852.22,336367.00881,-1.0988596635078562,0,0.6650068589295685,0.3349931410704351
2021-10-31 23:59:59.999,60852.22,63710.63,57820.0,61299.8,314971.8498,0.7355195915613288,0,0.806127951186281,0.19387204881372255
2021-11-07 23:59:59.999,61299.81,64270.0,59405.0,63273.59,253033.72432,3.2198963128754032,0,0.7363150693125645,0.2636849306874391
2021-11-14 23:59:59.999,63273.58,69000.0,62278.0,65519.1,294213.112708,3.54888982907402,0,0.5461628275619982,0.45383717243800537
2021-11-21 23:59:59.999,65519.11,66401.82,55600.0,58622.02,340150.61676,-10.526823475902447,1,0.017115272376793576,0.9828847276232097
2021-11-28 23:59:59.999,58617.7,59444.0,53256.64,57274.88,315216.31943,-2.2980102016273096,1,0.31350564612988613,0.6864943538701173
2021-12-05 23:59:59.999,57274.89,59176.99,42000.3,49396.33,390528.912488,-13.755681373754069,1,0.00032009164787140355,0.9996799083521319
2021-12-12 23:59:59.999,49396.32,51936.33,46751.0,50053.9,272083.99753,1.3312122580766639,1,0.4129193103642825,0.5870806896357207
2021-12-19 23:59:59.999,50053.9,50189.97,45456.0,46681.23,271834.80183,-6.738076353690714,1,0.13779607019428916,0.8622039298057143
2021-12-26 23:59:59.999,46681.24,51810.0,45558.85,50775.49,209149.42595,8.770677207948442,1,0.0317253563809225,0.9682746436190809
2022-01-02 23:59:59.999,50775.48,52088.0,45678.0,47286.18,217379.6422,-6.872036094580269,1,0.05684996837946519,0.943150031620538
2022-01-09 23:59:59.999,47286.18,47570.0,40501.0,41864.62,264331.61587,-11.46542182092103,1,0.0023690311459411166,0.9976309688540621
2022-01-16 23:59:59.999,41864.62,44500.0,39650.0,43071.66,232059.06969,2.8831982709982773,1,0.298516961196602,0.7014830388034012
2022-01-23 23:59:59.999,43071.66,43505.0,34008.0,36244.55,354513.98432,-15.850584816094848,1,1.0216979470103667e-05,0.9999897830205331
2022-01-30 23:59:59.999,36244.55,38919.98,32917.17,37881.76,353702.626391,4.51712050501385,1,0.198168912580124,0.8018310874198792
2022-02-06 23:59:59.999,37881.75,42656.0,36250.0,42380.87,258946.95322,11.87671850515921,1,0.004158870295305416,0.9958411297046977
2022-02-13 23:59:59.999,42380.87,45821.0,41645.85,42053.66,301990.47877,-0.7720700400911995,1,0.40498659241628254,0.5950134075837206
2022-02-20 23:59:59.999,42053.65,44751.4,38000.0,38386.89,243150.46162,-8.719264863034526,1,0.10469018496591997,0.895309815034083
2022-02-27 23:59:59.999,38386.89,40348.45,34322.28,37699.07,412335.93267,-1.7918096516805648,0,0.6491416945187685,0.35085830548123464
2022-03-06 23:59:59.999,37699.08,45400.0,37450.17,38420.81,376417.0783,1.9144769353726776,0,0.7585378928393245,0.24146210716067862
2022-03-13 23:59:59.999,38420.8,42594.06,37155.0,37777.34,374777.65361,-1.6747955079551957,0,0.6383123206272586,0.3616876793727444
2022-03-20 23:59:59.999,37777.35,42400.0,37555.0,41262.11,323399.671,9.224498072124732,1,0.04150497632224647,0.9584950236777565
2022-03-27 23:59:59.999,41262.11,46999.0,40467.94,46827.76,315436.15044,13.48852494455568,1,0.00037467836397978124,0.9996253216360232
2022-04-03 23:59:59.999,46827.76,48189.84,44200.0,46407.35,312053.15964,-0.8977794368127068,1,0.37731883360568313,0.6226811663943199
2022-04-10 23:59:59.999,46407.36,47200.0,41868.0,42158.85,268118.29111,-9.154799832354144,1,0.04334360624110592,0.9566563937588972
2022-04-17 23:59:59.999,42158.85,42414.71,39200.0,39678.12,259281.0487,-5.884244945011541,1,0.268176976072406,0.7318230239275972
2022-04-24 23:59:59.999,39678.11,42976.0,38536.51,39450.13,283885.03637,-0.5745987965155686,0,0.6463389216866181,0.35366107831338517
2022-05-01 23:59:59.999,39450.12,40797.31,37386.38,38468.35,368444.26814,-2.4886610006101373,0,0.5482702258798338,0.45172977412016957
2022-05-08 23:59:59.999,38468.35,40023.77,33713.95,34038.4,419979.5829,-11.515830546410221,1,0.0034172790337254596,0.9965827209662779
2022-05-15 23:59:59.999,34038.39,34243.15,26700.0,31328.89,964223.849274,-7.960156764125226,1,0.07038864276987038,0.9296113572301328
2022-05-22 23:59:59.999,31328.89,31328.9,28654.47,30293.94,375096.22376,-3.303500379362312,0,0.5259087290534254,0.47409127094657777
2022-05-29 23:59:59.999,30293.93,30670.51,28019.56,29468.1,430508.71991,-2.726089772409923,0,0.6732271882998841,0.32677281170011907
2022-06-05 23:59:59.999,29468.1,32399.0,29282.36,29919.21,422401.40352,1.5308418255673084,0,0.614121766555099,0.38587823344490435
2022-06-12 23:59:59.999,29919.2,31765.64,26560.0,26574.53,528925.487959,-11.179038483970672,1,0.004171899764538545,0.9958281002354645
2022-06-19 23:59:59.999,26574.53,26895.84,17622.0,20574.0,1153717.637537,-22.58000423713984,1,2.2147786790971716e-11,0.9999999999778555
2022-06-26 23:59:59.999,20574.0,21888.0,19637.03,21038.07,570801.23178,2.2556138815981397,1,0.35154880842803177,0.6484511915719717
2022-07-03 23:59:59.999,21038.08,21539.85,18626.0,19315.83,508544.1397,-8.186302260616108,1,0.060285753958856825,0.9397142460411467
2022-07-10 23:59:59.999,19315.83,22527.37,19055.31,20862.47,1111996.98071,8.007111265733858,1,0.09574732797730282,0.9042526720227008
2022-07-17 23:59:59.999,20861.11,21684.54,18910.94,20798.16,1043685.76303,-0.3082568842519673,1,0.4623338253008538,0.5376661746991498
2022-07-24 23:59:59.999,20799.58,24276.74,20762.45,22579.68,1336219.23609,8.56575774010777,1,0.1540822033227871,0.8459177966772164
2022-07-31 23:59:59.999,22577.13,24668.0,20706.5,23293.32,1282264.24492,3.1605408048298367,0,0.5955620318462718,0.4044379681537318
2022-08-07 23:59:59.999,23296.36,23647.68,22400.0,23174.39,951140.43388,-0.5105755641531595,0,0.7013403284584275,0.29865967154157613
2022-08-14 23:59:59.999,23174.39,25047.56,22664.69,24305.24,1251083.26468,4.879740092403728,1,0.41611516897036843,0.5838848310296352
2022-08-21 23:59:59.999,24305.25,25211.32,20761.9,21515.61,1402957.39876,-11.477483867676275,1,0.002515593837867832,0.9974844061621357
2022-08-28 23:59:59.999,21516.7,21900.0,19520.0,19555.61,1343190.86,-9.109665029250857,1,0.0219924746783235,0.9780075253216801
2022-09-04 23:59:59.999,19555.61,20576.25,19540.0,20000.3,1527594.84529,2.2739766235877923,1,0.34762990984253983,0.6523700901574638
2022-09-11 23:59:59.999,20000.3,21860.0,18510.77,21826.87,2146685.76233,9.13271300930485,1,0.03072071222589246,0.9692792877741112
2022-09-18 23:59:59.999,21826.87,22799.0,19320.01,19416.18,2218565.59694,-11.044597782458043,1,0.005157473487992912,0.9948425265120108
2022-09-25 23:59:59.999,19417.45,19956.0,18125.98,18807.38,2285541.48793,-3.1355292338657748,0,0.5721894448642239,0.42781055513577954
2022-10-02 23:59:59.999,18809.13,20385.86,18471.28,19056.8,2777070.91238,1.326181530867121,0,0.8125539910886274,0.18744600891137603
2022-10-09 23:59:59.999,19057.74,20475.0,18959.68,19439.02,1690215.44019,2.0056882582595303,0,0.8589484395169222,0.14105156048308115
2022-10-16 23:59:59.999,19439.96,19951.87,18190.0,19262.98,1666942.47921,-0.9056012082913734,0,0.8679509840968289,0.13204901590317436
2022-10-23 23:59:59.999,19262.98,19706.66,18650.0,19570.4,1439566.24878,1.5959109130570859,0,0.8186563052873423,0.18134369471266096
2022-10-30 23:59:59.999,19570.4,21085.0,19157.0,20627.48,2026392.42105,5.401422556513902,0,0.6063975168079759,0.3936024831920273
2022-11-06 23:59:59.999,20627.48,21480.65,20031.24,20905.58,2205754.83045,1.3482015253438728,0,0.5919396262124846,0.40806037378751864
2022-11-13 23:59:59.999,20905.58,21069.77,15588.0,16329.85,3234391.873932,-21.887601300705363,1,5.223784300183927e-10,0.9999999994776245
2022-11-20 23:59:59.999,16331.78,17190.0,15815.21,16280.23,1626234.48043,-0.3038607213171063,0,0.685295642848419,0.3147043571515841
2022-11-27 23:59:59.999,16279.5,16812.63,15476.0,16428.78,1561058.479583,0.9124563965005272,0,0.8242942668452208,0.17570573315478227
2022-12-04 23:59:59.999,16428.77,17324.0,15995.27,17105.7,1572173.55626,4.1203302984153645,0,0.7921533382302499,0.20784666176975308
2022-12-11 23:59:59.999,17106.65,17424.25,16678.83,17085.05,1443791.97519,-0.12071999392015975,0,0.8689567888686591,0.13104321113134368
2022-12-18 23:59:59.999,17085.05,18387.95,16527.32,16738.21,1511897.62621,-2.030078928654,0,0.8655773606416906,0.13442263935831222
2022-12-25 23:59:59.999,16739.0,17061.27,16256.3,16832.11,1148035.81471,0.5609918862291785,0,0.8746190358786757,0.12538096412132713
2023-01-01 23:59:59.999,16832.11,16972.83,16333.0,16616.75,1028681.78419,-1.2794593191227999,0,0.8183889898685921,0.1816110101314107
2023-01-08 23:59:59.999,16617.17,17176.99,16548.7,17127.83,1112349.61417,3.075691696631422,0,0.603898466391499,0.39610153360850364
2023-01-15 23:59:59.999,17127.83,21258.0,17104.66,20871.5,2145455.73458,21.857234687639938,1,4.08789386763207e-10,0.9999999995912133
2023-01-22 23:59:59.999,20872.99,23371.8,20407.15,22707.88,2108890.06922,8.79850513858611,1,0.04153374906635175,0.958466250933651
2023-01-29 23:59:59.999,22706.02,23960.54,22300.0,23742.3,1946352.796,4.555334976228509,1,0.3814574582153773,0.6185425417846256
2023-02-05 23:59:59.999,23743.37,24255.0,22500.0,22932.91,1949971.72168,-3.4090631488945866,1,0.4833686803075753,0.5166313196924276
2023-02-12 23:59:59.999,22932.91,23452.0,21451.0,21783.54,1976378.51282,-5.011880306511463,1,0.29445302914267923,0.7055469708573237
2023-02-19 23:59:59.999,21782.37,25250.0,21351.07,24271.76,2497565.47508,11.422477705643796,1,0.008924724127590987,0.991075275872412
2023-02-26 23:59:59.999,24272.51,25250.0,22722.0,23554.85,2237983.72753,-2.9536795024341034,1,0.45618487601552543,0.5438151239844775
2023-03-05 23:59:59.999,23554.85,24000.0,21971.13,22430.24,1698503.29143,-4.774430743562352,1,0.47557772650364266,0.5244222734963604
2023-03-12 23:59:59.999,22430.24,22602.19,19549.09,21997.11,2718623.72856,-1.931009208996426,0,0.5086099087921212,0.4913900912078818
2023-03-19 23:59:59.999,21998.05,28390.1,21813.88,27972.87,3775888.94983,27.16611409407872,1,4.89393529305179e-15,0.999999999999998
2023-03-26 23:59:59.999,27972.87,28868.05,26601.8,27968.05,1437828.84706,-0.017230981304383608,0,0.6807777681510278,0.3192222318489752
2023-04-02 23:59:59.999,27968.05,29184.68,26508.14,28171.87,500795.73087,0.7287601388012321,0,0.8072758273743792,0.19272417262562386
2023-04-09 23:59:59.999,28171.87,28775.0,27200.24,28323.76,306532.39014,0.5391548377867705,0,0.7256858170017089,0.2743141829982941
2023-04-16 23:59:59.999,28323.76,31000.0,28170.0,30304.65,377573.74044,6.993739531757104,1,0.2129450575212757,0.7870549424787271
2023-04-23 23:59:59.999,30304.66,30485.0,27125.0,27590.6,430421.84646,-8.955886307876849,1,0.03919590856399405,0.9608040914360088
2023-04-30 23:59:59.999,27590.59,30036.0,26942.82,29233.21,444613.47701,5.9535131530303875,1,0.28245788323431775,0.717542116765685
2023-05-07 23:59:59.999,29233.2,29820.0,27666.95,28430.1,360117.97447,-2.7472521833900587,0,0.5768283684319181,0.42317163156808485
2023-05-14 23:59:59.999,28430.09,28631.01,25811.46,26917.62,338765.74243,-5.319995357033569,0,0.5463409100293325,0.4536590899706704
2023-05-21 23:59:59.999,26917.61,27663.59,26361.2,26747.78,230394.72253,-0.6309621727329517,0,0.7509464425661491,0.24905355743385388
2023-05-28 23:59:59.999,26747.78,28261.32,25871.89,28065.0,251061.07389,4.924595611299343,0,0.6535241813585791,0.34647581864142357
2023-06-04 23:59:59.999,28065.01,28447.14,26505.0,27115.21,233113.44204,-3.384250846249781,0,0.6764524002148827,0.32354759978512004
2023-06-11 23:59:59.999,27115.2,27391.77,25351.02,25925.55,347786.76863,-4.387426835344444,0,0.6085466516253784,0.39145334837462453
2023-06-18 23:59:59.999,25925.54,26839.99,24800.0,26339.97,265685.74051,1.5985003211117954,0,0.5864771127384627,0.41352288726154024
2023-06-25 23:59:59.999,26339.98,31431.94,26256.61,30462.66,408189.22942,15.651840150159613,1,8.361415759244676e-05,0.9999163858424104
2023-07-02 23:59:59.999,30462.67,31282.0,29500.0,30617.03,294881.44198,0.5067515443496928,0,0.691622940769318,0.3083770592306851
2023-07-09 23:59:59.999,30617.02,31500.0,29701.02,30160.71,244056.69119,-1.490412362008986,0,0.8367393119414326,0.16326068805857036
2023-07-16 23:59:59.999,30160.71,31804.2,29900.0,30231.99,269249.39031,0.23633395898174925,0,0.883067370342419,0.11693262965758396
2023-07-23 23:59:59.999,30232.0,30417.46,29512.0,30083.75,180919.27148,-0.49034152234107564,0,0.8824720637684382,0.1175279362315646
2023-07-30 23:59:59.999,30083.75,30099.58,28861.9,29281.09,168154.81375,-2.6680849295716125,0,0.8430991043739875,0.15690089562601536
2023-08-06 23:59:59.999,29281.09,30047.5,28585.7,29088.42,190359.38216,-0.6580014610111928,0,0.8389663610150825,0.1610336389849203
2023-08-13 23:59:59.999,29088.43,30244.0,28701.03,29303.84,178844.98681,0.7405696149876961,0,0.6970797557853418,0.30292024421466107
2023-08-20 23:59:59.999,29303.85,29695.32,25166.0,26189.99,307223.55373,-10.626081769488227,1,0.030929360088102712,0.9690706399118999
2023-08-27 23:59:59.999,26190.0,26819.27,25300.0,26101.77,188618.43325,-0.33684625309136074,0,0.7008926383480668,0.2991073616519358
2023-09-03 23:59:59.999,26101.78,28142.85,25333.75,25971.21,258183.08813,-0.5001959637220055,0,0.8492694575208067,0.15073054247919598
2023-09-10 23:59:59.999,25971.21,26445.5,25372.51,25841.61,156769.66561,-0.499014100613715,0,0.8741361689227997,0.12586383107720303
2023-09-17 23:59:59.999,25841.6,26888.0,24901.0,26527.51,221247.03537,2.654246387899195,0,0.8406761002264608,0.15932389977354205
2023-09-24 23:59:59.999,26527.5,27483.57,26122.08,26248.38,191220.58923,-1.052228422494228,0,0.7902070901999642,0.20979290980003867
2023-10-01 23:59:59.999,26248.39,28065.51,25990.46,27992.57,189937.16919,6.6449434212701775,0,0.5057590531751861,0.4942409468248167
2023-10-08 23:59:59.999,27992.58,28580.0,27160.5,27917.05,217523.39638,-0.2697858753233473,0,0.7183097752044671,0.2816902247955356
2023-10-15 23:59:59.999,27917.06,27987.93,26538.66,27154.15,164897.39085,-2.732738595231221,0,0.5644688381883589,0.43553116181164364
2023-10-22 23:59:59.999,27154.14,30379.99,27112.66,29992.46,294677.81127,10.45258275438561,1,0.012657535983415544,0.9873424640165868
2023-10-29 23:59:59.999,29992.46,35280.0,29883.6,34525.89,373306.40874,15.115232295050163,1,4.836292652739265e-05,0.999951637073475
2023-11-05 23:59:59.999,34525.88,35984.99,34025.0,35011.88,249862.2126,1.4076103469019774,0,0.5627337435684775,0.4372662564315249
2023-11-12 23:59:59.999,35011.89,37972.24,34523.06,37064.13,261060.64807,5.861581840221097,0,0.5337967954805128,0.4662032045194895
2023-11-19 23:59:59.999,37064.13,37980.0,34800.0,37359.86,255993.59565,0.7978873374338002,0,0.768801839773386,0.2311981602266162
2023-11-26 23:59:59.999,37359.85,38414.0,35632.01,37447.43,229889.97507,0.23439595330390084,0,0.7183640522534045,0.2816359477465979
2023-12-03 23:59:59.999,37447.42,40250.0,36707.0,39972.26,222103.26117,6.742331850276506,1,0.2362059505938262,0.7637940494061759
2023-12-10 23:59:59.999,39972.26,44700.0,39972.26,43789.51,332080.41362,9.549747750064675,1,0.03613962400728929,0.9638603759927127
2023-12-17 23:59:59.999,43789.5,43804.5,40222.0,41374.65,292562.41578,-5.514699753434105,1,0.29439279381616124,0.7056072061838407
2023-12-24 23:59:59.999,41374.64,44398.26,40542.93,42991.5,245481.20612,3.907827619085591,0,0.61313494830813,0.3868650516918719
2023-12-31 23:59:59.999,42991.5,43802.32,41300.0,42283.58,228462.70228,-1.6466510821906644,0,0.7686715941136073,0.23132840588639458
2024-01-07 23:59:59.999,42283.58,45879.63,40750.0,43929.02,310487.48622,3.891439655771811,0,0.7215552026377237,0.2784447973622784
2024-01-14 23:59:59.999,43929.01,48969.48,41500.0,41732.35,470798.80434,-5.000498531494668,0,0.6538479162954,0.34615208370460193
2024-01-21 23:59:59.999,41732.35,43578.01,40280.0,41580.33,238486.27274,-0.364273758846545,0,0.82834538344423,0.171654616555772
2024-01-28 23:59:59.999,41580.32,42842.68,38555.0,42031.06,274603.16207,1.0839981308469637,0,0.8307914223938034,0.16920857760619848
2024-02-04 23:59:59.999,42031.05,43882.36,41804.88,42582.88,203036.61925,1.3128862322292045,0,0.6788173512422483,0.32118264875775354
2024-02-11 23:59:59.999,42582.88,48592.66,42258.1,48299.99,262240.48357,13.425841558861219,1,0.00068075595661071,0.9993192440433909
2024-02-18 23:59:59.999,48300.0,52816.62,47710.01,52137.67,310862.3017,7.945508891409703,1,0.07788161262319575,0.922118387376806
2024-02-25 23:59:59.999,52137.68,52985.0,50521.0,51728.85,223366.16186,-0.7841163596301826,1,0.3930096075884697,0.6069903924115321
2024-03-03 23:59:59.999,51728.85,64000.0,50901.44,63113.97,417907.83383,22.009226959423998,1,2.2289428796260811e-10,0.9999999997771076
2024-03-10 23:59:59.999,63113.97,69990.0,59005.0,68955.88,481870.181782,9.256128239120432,1,0.0408827236493045,0.9591172763506975
2024-03-17 23:59:59.999,68955.88,73777.0,64533.0,68393.48,477496.91752,-0.8155939711015359,0,0.6492438301492448,0.35075616985075736
2024-03-24 23:59:59.999,68393.47,68956.0,60775.0,67209.99,409762.74414,-1.730413483858384,0,0.7248800244211,0.2751199755789021
2024-03-31 23:59:59.999,67210.0,71769.54,66385.06,71280.01,235409.95755,6.055677139663307,0,0.5367347423935467,0.46326525760645515
2024-04-07 23:59:59.999,71280.0,71288.23,64493.07,69360.39,274227.11488,-2.693069206920695,0,0.6719194926008287,0.32808050739917316
2024-04-14 23:59:59.999,69360.38,72797.99,60660.57,65661.84,348008.31904,-5.332366210743633,0,0.5946596284743175,0.40534037152568436
2024-04-21 23:59:59.999,65661.85,66867.07,59600.01,64941.15,312265.13225,-1.0975781367077109,0,0.7991040822594595,0.20089591774054244
2024-04-28 23:59:59.999,64941.15,67232.35,62391.24,63118.62,183902.50753,-2.806433209143966,0,0.8041633764867814,0.19583662351322045
2024-05-05 23:59:59.999,63118.62,64734.0,56552.82,64012.0,298372.0172,1.4153984988898527,0,0.7983721929705252,0.2016278070294767
2024-05-12 23:59:59.999,64012.0,65500.0,60187.12,61483.99,179712.75232,-3.9492751359120226,0,0.5852125458837056,0.41478745411629603
2024-05-19 23:59:59.999,61484.0,67700.0,60749.21,66274.01,195247.04901,7.790678516472327,1,0.277969236193728,0.7220307638062737
2024-05-26 23:59:59.999,66274.0,71979.0,66060.31,68507.67,220708.83749,3.370340801771321,0,0.6554476403976778,0.344552359602324
2024-06-02 23:59:59.999,68507.67,70687.56,66670.0,67765.63,158352.25614,-1.0831487919527705,0,0.8058121155479271,0.1941878844520747
2024-06-09 23:59:59.999,67765.62,71997.02,67612.48,69648.14,165061.19141,2.7779716649871,0,0.7753763769181758,0.22462362308182598
2024-06-16 23:59:59.999,69648.15,70195.94,65078.0,66676.87,174066.07718,-4.266115362161871,0,0.626783649614485,0.373216350385517
2024-06-23 23:59:59.999,66676.86,67298.81,63178.32,63210.01,155589.33133,-5.199494217410017,0,0.5117289516099763,0.48827104839002544
2024-06-30 23:59:59.999,63210.01,63369.8,58402.0,62772.01,177837.60164,-0.6929282245011548,0,0.5620070595738,0.43799294042620174
2024-07-07 23:59:59.999,62772.01,63861.76,53485.93,55857.81,251967.61048,-11.014781906776605,1,0.004994464944824591,0.9950055350551772
2024-07-14 23:59:59.999,55857.81,61420.69,54260.16,60797.91,190723.74928,8.844063166815896,1,0.016750638510989985,0.9832493614890117
2024-07-21 23:59:59.999,60797.91,68366.66,60632.3,68165.34,205198.52303,12.117900105447688,1,0.0017837550257798038,0.9982162449742217
2024-07-28 23:59:59.999,68165.35,69399.99,63456.7,68249.88,177889.46168,0.12402197363059475,1,0.3748091100406161,0.6251908899593854
2024-08-04 23:59:59.999,68249.88,70079.99,57122.77,58161.0,216238.9234,-14.7822677490422,1,0.00010945761561930863,0.9998905423843822
2024-08-11 23:59:59.999,58161.0,62745.14,49000.0,58712.59,370726.80645,0.9483846563848486,0,0.5978756970269077,0.4021243029730939
2024-08-18 23:59:59.999,58712.59,61800.0,56078.54,58427.35,179945.24534,-0.48582424996069795,0,0.6023413795519863,0.39765862044801503
2024-08-25 23:59:59.999,58427.35,65000.0,57787.3,64220.0,169792.31289,9.914278159115565,1,0.022237226782920543,0.9777627732170806
2024-09-01 23:59:59.999,64219.99,64481.0,57201.0,57301.86,176518.33308,-10.772563064465901,1,0.003811413914053017,0.9961885860859481
2024-09-08 23:59:59.999,57301.77,59809.65,52550.0,54869.95,196506.89846,-4.244033265237823,1,0.22226785148392475,0.7777321485160763
2024-09-15 23:59:59.999,54869.95,60625.0,54591.96,59132.0,175833.33846,7.767548539774505,1,0.0936360881569003,0.9063639118431006
2024-09-22 23:59:59.999,59132.0,64133.32,57493.3,63578.76,178097.29669,7.520056822025301,1,0.1511556918873847,0.8488443081126164
2024-09-29 23:59:59.999,63578.76,66498.0,62538.75,65602.01,132963.29721,3.1822734510707607,0,0.5519228464469559,0.44807715355304517
2024-10-06 23:59:59.999,65602.01,65618.8,59828.11,62819.91,169447.68762,-4.240876156081175,0,0.588522386419968,0.411477613580033
2024-10-13 23:59:59.999,62819.91,64478.19,58946.0,62870.02,136109.36376,0.07976770421986856,0,0.6168061916114222,0.38319380838857886
2024-10-20 23:59:59.999,62870.02,69400.0,62457.81,69031.99,185982.16665,9.80112619655602,1,0.07691376390333268,0.9230862360966683
2024-10-27 23:59:59.999,69032.0,69519.52,65260.0,68021.7,159069.27886,-1.463509888676262,0,0.5911260006290697,0.4088739993709313
2024-11-03 23:59:59.999,68021.69,73620.12,67478.73,68775.99,209232.69647,1.1088961316756407,0,0.590951954120513,0.409048045879488
2024-11-10 23:59:59.999,68775.99,81500.0,66835.0,80370.01,327445.15705,16.857656283828113,1,3.406285666305611e-06,0.9999965937143345
2024-11-17 23:59:59.999,80370.01,93265.64,80216.01,89855.99,417630.302334,11.802885180678736,1,0.0011297777513943536,0.9988702222486064
2024-11-24 23:59:59.999,89855.98,99588.01,89376.9,97900.04,303784.771782,8.952157780466274,1,0.050567617071773145,0.9494323829282277
2024-12-01 23:59:59.999,97900.05,98871.8,90791.1,97185.18,237818.37314,-0.7301937772446254,0,0.6175553013185824,0.38244469868141856
2024-12-08 23:59:59.999,97185.17,104088.0,90500.0,101109.59,302152.735462,4.038074529470448,0,0.6301314342574602,0.36986856574254084
2024-12-15 23:59:59.999,101109.6,105250.0,94150.05,104463.99,230968.339905,3.317588371192093,0,0.5455647309573364,0.4544352690426646
2024-12-22 23:59:59.999,104463.99,108353.0,92232.54,95186.27,281544.242246,-8.881261380117689,1,0.10334693155860132,0.8966530684413995
2024-12-29 23:59:59.999,95186.28,99963.7,92520.0,93738.2,140614.68725,-1.5213013389431151,0,0.5785844922920019,0.4214155077079991
2025-01-05 23:59:59.999,93738.19,98976.91,91530.45,98363.61,111914.7951,4.93439174210728,0,0.5433899890111469,0.45661001098885406
2025-01-12 23:59:59.999,98363.61,102724.38,91203.67,94545.06,172710.45967,-3.8820759018502904,0,0.523345262585194,0.4766547374148068
2025-01-19 23:59:59.999,94545.07,106422.43,89256.69,101331.57,235685.9926,7.178069377712615,1,0.34701182873454617,0.6529881712654548
2025-01-26 23:59:59.999,101331.57,109588.0,99550.0,102620.0,254162.140922,1.2714990994415531,0,0.7008405752028065,0.29915942479719443
2025-02-02 23:59:59.999,102620.01,106457.44,96150.0,97700.59,184203.26328,-4.7938121223933035,0,0.6658879688086974,0.3341120311913036
2025-02-09 23:59:59.999,97700.59,102500.01,91231.0,96462.75,221243.61368,-1.266972901596597,0,0.8313737295157452,0.16862627048425585
2025-02-16 23:59:59.999,96462.75,98826.0,94088.23,96118.12,122007.40976,-0.35726744261386223,0,0.8703998844397072,0.12960011556029377
2025-02-23 23:59:59.999,96118.12,99475.0,93388.09,96258.0,127758.44873,0.14552927169195762,0,0.8385586047445771,0.1614413952554239
2025-03-02 23:59:59.999,96258.0,96500.0,78258.52,94270.0,373604.39736,-2.0652828855783456,0,0.6433487017561855,0.35665129824381553
2025-03-09 23:59:59.999,94269.99,94416.46,80000.0,80734.37,284471.65101,-14.358364272833358,1,0.00027270427802234746,0.9997272957219783
2025-03-16 23:59:59.999,80734.48,85309.71,76606.0,82574.53,211663.09876,2.2792770910332383,0,0.5567479079918181,0.44325209200818255
2025-03-23 23:59:59.999,82574.52,87453.67,81134.66,86082.5,110906.17448,4.248247007884887,0,0.5927922927947081,0.4072077072052924
2025-03-30 23:59:59.999,86082.5,88765.43,81565.0,82389.99,137009.32282,-4.289501350448688,0,0.5356916272232173,0.4643083727767833
2025-04-06 23:59:59.999,82390.0,88500.0,77153.83,78430.0,178247.49297,-4.8063969907024,1,0.4286717798755289,0.5713282201244716
2025-04-13 23:59:59.999,78430.0,86100.0,74508.0,83760.0,300064.17057,6.795868927706228,1,0.2989947396271295,0.7010052603728709
2025-04-20 23:59:59.999,83760.0,86496.42,83111.64,85179.24,108454.4036,1.6944126074498689,1,0.4772737846706151,0.5227262153293852
2025-04-27 23:59:59.999,85179.24,95758.04,85144.76,93749.3,170625.92469,10.061207402179217,1,0.04093315177408028,0.9590668482259199
2025-05-04 23:59:59.999,93749.29,97895.68,92800.01,94277.62,113820.08215,0.5635455411400425,1,0.40146295495629325,0.5985370450437071
2025-05-11 23:59:59.999,94277.61,104984.57,93377.0,104118.0,145910.00118,10.437662724196905,1,0.035717644892319565,0.9642823551076807
2025-05-18 23:59:59.999,104118.0,106660.0,100718.37,106454.26,135512.85987,2.243857930425097,0,0.6440995823704111,0.35590041762958907
2025-05-25 23:59:59.999,106454.27,111980.0,102000.0,109004.19,197357.632795,2.395329224025433,0,0.7930614067087901,0.20693859329121006
2025-06-01 23:59:59.999,109004.2,110718.0,103068.55,105642.93,116099.819,-3.0836062356869087,0,0.8099284522821393,0.19007154771786086
2025-06-08 23:59:59.999,105642.93,106794.67,100372.26,105734.0,95301.97979,0.08620548483462276,0,0.8621091472225062,0.13789085277749374
2025-06-15 23:59:59.999,105734.01,110530.17,102664.31,105594.01,110085.74896,-0.13239828248245988,0,0.8176714779150063,0.18232852208499378
2025-06-22 23:59:59.999,105594.02,108952.38,98200.0,100963.87,110755.93156,-4.3848509967563505,0,0.5594368281611856,0.44056317183881427
2025-06-29 23:59:59.999,100963.87,108528.5,99613.33,108356.93,91938.97808,7.322480804271869,1,0.291507621664146,0.7084923783358539
2025-07-06 23:59:59.999,108356.93,110529.18,105100.19,109203.84,72977.1763,0.7815928339793388,0,0.5218509131928748,0.4781490868071251
2025-07-13 23:59:59.999,109203.85,119488.0,107429.57,119086.64,104658.05244,9.04986491317521,1,0.1312963307581212,0.8687036692418787
2025-07-20 23:59:59.999,119086.65,123218.0,115736.92,117265.12,131579.689337,-1.5295754418799712,0,0.6722281269150321,0.3277718730849681
2025-07-27 23:59:59.999,117265.11,120247.8,114723.16,119415.55,123158.43225,1.8338189565661134,0,0.7793580376742781,0.22064196232572192
2025-08-03 23:59:59.999,119415.56,119800.0,111920.0,114208.8,105088.6224,-4.360194296303954,0,0.6852405439766982,0.3147594560233019
2025-08-10 23:59:59.999,114208.81,119311.11,112650.0,119294.01,78822.4007,4.452555319730167,0,0.707827115840411,0.29217288415958886
2025-08-17 23:59:59.999,119294.27,124474.0,116803.99,117405.01,120321.123656,-1.5834826912097255,0,0.8020803546962603,0.19791964530373982
2025-08-24 23:59:59.999,117405.01,117543.75,110680.0,113493.59,117920.88503,-3.3315614044068464,0,0.7480549417989666,0.2519450582010333
2025-08-31 23:59:59.999,113493.59,113667.28,107350.1,108246.35,110910.33675,-4.623380051683967,0,0.6806170708747382,0.31938292912526156
2025-09-07 23:59:59.999,108246.36,113384.62,107255.0,111137.34,90809.75324,2.6707505611043514,0,0.7859855898456163,0.21401441015438352
2025-09-14 23:59:59.999,111137.35,116665.63,110621.78,115268.01,88456.94711,3.71672562974783,0,0.7814250119903907,0.21857498800960912
2025-09-21 23:59:59.999,115268.01,117900.0,114384.0,115232.29,70729.4403,-0.03098864984308891,0,0.8055260298420872,0.1944739701579125
2025-09-28 23:59:59.999,115232.29,115379.25,108620.07,112163.95,93970.57704,-2.6627432293500397,0,0.6056162683229682,0.39438373167703145
2025-10-05 23:59:59.999,112163.96,125708.42,111560.65,123482.31,124480.098903,10.090907105179525,1,0.02546843940031386,0.9745315605996857
2025-10-12 23:59:59.999,123482.32,126199.63,102000.0,114958.8,211576.359223,-6.90261625329166,1,0.09625955856205988,0.90374044143794
2025-10-19 23:59:59.999,114958.81,115963.81,103528.23,108642.78,171795.75097,-5.49415964676041,1,0.2458760336857295,0.7541239663142704
2025-10-26 23:59:59.999,108642.77,115466.8,106666.69,114559.4,137472.95078,5.445939435644043,1,0.36576605447241894,0.634233945527581
2025-11-02 23:59:59.999,114559.41,116400.0,106304.34,110540.68,125045.90669,-3.5079792666511844,1,0.4616490554030631,0.5383509445969369
2025-11-09 23:59:59.999,110540.69,110750.0,98944.36,104722.96,199598.71888,-5.262967443297784,1,0.2657392205413075,0.7342607794586924
2025-11-16 23:59:59.999,104722.95,107500.0,93005.55,94261.44,189823.3545,-9.98970999291846,1,0.0109979607365225,0.9890020392634773
2025-11-23 23:59:59.999,94261.45,96043.0,80600.0,86830.0,257258.09768,-7.883860038632983,1,0.07837373535976894,0.921626264640231
2025-11-30 23:59:59.999,86830.0,93092.0,85272.0,90360.0,118687.98554,4.065415179085563,0,0.5528346040561339,0.447165395943866
2025-12-07 23:59:59.999,90360.01,94150.0,83822.76,90395.31,149459.29022,0.03907702523240353,0,0.8108317001108489,0.18916829988915101
2025-12-14 23:59:59.999,90395.32,94588.99,87577.36,88172.17,107997.17703,-2.459353256269603,0,0.8415280509821252,0.1584719490178748
2025-12-21 23:59:59.999,88172.16,90365.85,84450.01,88658.86,116986.93155,0.5519768879454823,0,0.880296502660002,0.11970349733999801
2025-12-28 23:59:59.999,88658.87,90588.23,86420.0,87952.71,72081.43375,-0.7964799005987566,0,0.8680208659651144,0.13197913403488562
2026-01-04 23:59:59.999,87952.71,91810.0,86806.5,91529.73,85720.05743,4.066980994673153,0,0.7910785652407626,0.20892143475923736
2026-01-11 23:59:59.999,91529.74,94789.08,89311.0,91013.65,93800.8281,-0.5638386565763986,0,0.8125399666769489,0.1874600333230509
2026-01-18 23:59:59.999,91013.66,97924.49,90128.44,93673.14,106130.99963,2.922078171790732,0,0.6385106255415238,0.3614893744584759
2026-01-25 23:59:59.999,93673.14,93673.14,86074.72,86670.36,100317.13896,-7.475760927839081,1,0.11056399088448739,0.8894360091155122
2026-02-01 23:59:59.999,86670.36,90600.0,75700.0,76968.21,175738.70675,-11.194311411652148,1,0.002006866250279472,0.99799313374972
2026-02-08 23:59:59.999,76968.22,79360.0,60000.0,70330.38,384283.11539,-8.624118970676342,1,0.045356901058837995,0.9546430989411615
2026-02-15 23:59:59.999,70330.38,71453.53,65118.0,68832.58,163165.87355,-2.1296628853704536,0,0.5779145924662188,0.4220854075337808
2026-02-22 23:59:59.999,68832.59,70126.67,65631.83,66936.53,61761.23213,-2.7545822051127544,0,0.6469919715520729,0.3530080284479268
